title,price,location,date,link,imgLink,description
–ü—Ä–æ–¥–∞–≤–∞ –ú–ê–ì–ê–ó–ò–ù                –≥—Ä–∞–¥ –°–æ—Ñ–∏—è, –ú–∞–Ω–∞—Å—Ç–∏—Ä—Å–∫–∏ –ª–∏–≤–∞–¥–∏
                
                –û–±—è–≤–∞: 1l175378398935273,
                367 000 EUR717 789.61 –ª–≤.
                (4 078 EUR, 7 975.87 –ª–≤./m2)
              ,–≥—Ä–∞–¥ –°–æ—Ñ–∏—è, –ú–∞–Ω–∞—Å—Ç–∏—Ä—Å–∫–∏ –ª–∏–≤–∞–¥–∏,–ö–æ—Ä–∏–≥–∏—Ä–∞–Ω–∞ –≤ 11:34 –Ω–∞ 7 –∞–≤–≥—É—Å—Ç, 2025 –≥–æ–¥.,https://www.imot.bg/obiava-1l175378398935273-prodava-magazin-grad-sofiya-manastirski-livadi,//imotstatic4.focus.bg/imot/photosimotbg/1/273//big/1l175378398935273_Zp.jpg,üè™ –ü—Ä–æ–¥–∞–≤–∞ —Å–µ —Ä–∞–∑—Ä–∞–±–æ—Ç–µ–Ω –º–∞–≥–∞–∑–∏–Ω/–∑–∞–≤–µ–¥–µ–Ω–∏–µ –∑–∞ –¥–µ–ª–∏–∫–∞—Ç–µ—Å–∏ –≤ –∫–≤. –ú–∞–Ω–∞—Å—Ç–∏—Ä—Å–∫–∏ –ª–∏–≤–∞–¥–∏ –ò–∑—Ç–æ–∫ üßÄüç∑–ü—Ä–µ–¥–ª–∞–≥–∞ —Å–µ —Ñ—É–Ω–∫—Ü–∏–æ–Ω–∏—Ä–∞—â –∏ –Ω–∞–ø—ä–ª–Ω–æ –æ–±–æ—Ä—É–¥–≤–∞–Ω –º–∞–≥–∞–∑–∏–Ω –∑–∞ –¥–µ–ª–∏–∫–∞—Ç–µ—Å–∏, —Ä–∞–∑–ø–æ–ª–æ–∂–µ–Ω –Ω–∞ –∏–∑–∫–ª—é—á–∏—Ç–µ–ª–Ω–æ –∞—Ç—Ä–∞–∫—Ç–∏–≤–Ω–∞ –ª–æ–∫–∞—Ü–∏—è –≤ –Ω–æ–≤–∞—Ç–∞ —á–∞—Å—Ç –Ω–∞ –∫–≤. –ú–∞–Ω–∞—Å—Ç–∏—Ä—Å–∫–∏ –ª–∏–≤–∞–¥–∏ –ò–∑—Ç–æ–∫. –†–∞–π–æ–Ω—ä—Ç –µ –∏–∑–∫–ª—é—á–∏—Ç–µ–ª–Ω–æ –∫–æ–º—É–Ω–∏–∫–∞—Ç–∏–≤–µ–Ω, –∑–∞–æ–±–∏–∫–æ–ª–µ–Ω –æ—Ç –º–æ–¥–µ—Ä–Ω–∏ –∂–∏–ª–∏—â–Ω–∏ –∫–æ–º–ø–ª–µ–∫—Å–∏, –∑–µ–ª–µ–Ω–∏ –ø–ª–æ—â–∏ –∏ –¥–µ—Ç—Å–∫–∞ –≥—Ä–∞–¥–∏–Ω–∞, —Å –∏–Ω—Ç–µ–Ω–∑–∏–≤–µ–Ω –ø–µ—à–µ—Ö–æ–¥–µ–Ω –∏ –∞–≤—Ç–æ–º–æ–±–∏–ª–µ–Ω —Ç—Ä–∞—Ñ–∏–∫.‚úÖ –û—Å–Ω–æ–≤–Ω–∏ —Ö–∞—Ä–∞–∫—Ç–µ—Ä–∏—Å—Ç–∏–∫–∏:üìç –õ–æ–∫–∞—Ü–∏—è: –æ—Ç–ª–∏—á–Ω–∞ –≤–∏–¥–∏–º–æ—Å—Ç –∏ –¥–æ—Å—Ç—ä–ø –≤ –Ω–æ–≤ –∂–∏–ª–∏—â–µ–Ω –∫–≤–∞—Ä—Ç–∞–ªüè™ –ü–ª–æ—â: —Ç—ä—Ä–≥–æ–≤—Å–∫–∞ –∑–∞–ª–∞, –±–∞—Ä, –∫—É—Ö–Ω—è –∏ —Å–∞–Ω–∏—Ç–∞—Ä–µ–Ω –≤—ä–∑–µ–ªüåø –ü—Ä–æ—Å—Ç–æ—Ä–Ω–∞ –≥—Ä–∞–¥–∏–Ω–∞ —Å –ø–µ—Ä–≥–æ–ª–∞ –∏ –∫–∞—á–µ—Å—Ç–≤–µ–Ω–æ –≥—Ä–∞–¥–∏–Ω—Å–∫–æ –æ–±–∑–∞–≤–µ–∂–¥–∞–Ω–µ, –ø–æ–¥—Ö–æ–¥—è—â–∞ –∑–∞ –¥–µ–≥—É—Å—Ç–∞—Ü–∏–∏, —Å—ä–±–∏—Ç–∏—è –∏–ª–∏ –∑–æ–Ω–∞ –∑–∞ –æ—Ç–¥–∏—Öüë£ –®–∏—Ä–æ–∫–∏ –∏ –¥–æ–±—Ä–µ –ø–æ–¥–¥—ä—Ä–∂–∞–Ω–∏ —Ç—Ä–æ—Ç–æ–∞—Ä–∏ –æ–∫–æ–ª–æ –æ–±–µ–∫—Ç–∞ —É–¥–æ–±–Ω–∏ –∏ –±–µ–∑–æ–ø–∞—Å–Ω–∏ –∑–∞ –ø–µ—à–µ—Ö–æ–¥—Ü–∏üöó –°–≤–æ–±–æ–¥–Ω–æ –ø–∞—Ä–∫–∏—Ä–∞–Ω–µ –æ–∫–æ–ª–æ —Å–≥—Ä–∞–¥–∞—Ç–∞ —É–ª–µ—Å–Ω–µ–Ω–∏–µ –∑–∞ –∫–ª–∏–µ–Ω—Ç–∏—Ç–µ‚öôÔ∏è –û–±–æ—Ä—É–¥–≤–∞–Ω–µ: –Ω–∞–π-–≤–∏—Å–æ–∫ –∫–ª–∞—Å –ø—Ä–æ—Ñ–µ—Å–∏–æ–Ω–∞–ª–Ω–∞ —Ç–µ—Ö–Ω–∏–∫–∞, —Ö–ª–∞–¥–∏–ª–Ω–∏ –≤–∏—Ç—Ä–∏–Ω–∏, –º–∞—à–∏–Ω–∏ –∏ –æ–±–∑–∞–≤–µ–∂–¥–∞–Ω–µ –≤—Å–∏—á–∫–æ –Ω–µ–æ–±—Ö–æ–¥–∏–º–æ –∑–∞ –Ω–µ–∑–∞–±–∞–≤–Ω–∞ —Ä–∞–±–æ—Ç–∞‚ùÑÔ∏è –î–æ–ø—ä–ª–Ω–∏—Ç–µ–ª–Ω–∞ –≤—ä–∑–º–æ–∂–Ω–æ—Å—Ç: –ø–æ–∫—É–ø–∫–∞ –Ω–∞ –≥–∞—Ä–∞–∂, –Ω–∞–ø—ä–ª–Ω–æ –ø—Ä–∏–≥–æ–¥–µ–Ω –∑–∞ —Å–∫–ª–∞–¥ –æ–±–æ—Ä—É–¥–≤–∞–Ω —Å —Ö–ª–∞–¥–∏–ª–Ω–∏—Ü–∏, —Å—Ç–µ–ª–∞–∂–∏ –∏ —Ä–∞–±–æ—Ç–Ω–∏ –º–∞—Å–∏üèÉ‚Äç‚ôÇÔ∏è –ú–∞–≥–∞–∑–∏–Ω—ä—Ç —Ä–∞–±–æ—Ç–∏ –∞–∫—Ç–∏–≤–Ω–æ –≤ –º–æ–º–µ–Ω—Ç–∞ –∏ —Ä–∞–∑–ø–æ–ª–∞–≥–∞ —Å —É—Ç–≤—ä—Ä–¥–µ–Ω–∞ –∫–ª–∏–µ–Ω—Ç–µ–ª–∞üåü –ü—Ä–µ–¥–∏–º—Å—Ç–≤–∞:–ë–∏–∑–Ω–µ—Å —Å –∏—Å—Ç–æ—Ä–∏—è –∏ –∏–∑–≥—Ä–∞–¥–µ–Ω–∞ —Ä–µ–ø—É—Ç–∞—Ü–∏—è–°—Ç–∏–ª–Ω–∞, —á–∏—Å—Ç–∞ –∏ –ø–æ–¥–¥—ä—Ä–∂–∞–Ω–∞ –æ–±—Å—Ç–∞–Ω–æ–≤–∫–∞–ê—Ç–º–æ—Å—Ñ–µ—Ä–∞, –∫–æ—è—Ç–æ –ø—Ä–∏–≤–ª–∏—á–∞ —Ä–µ–¥–æ–≤–Ω–∏ –∏ –Ω–æ–≤–∏ –∫–ª–∏–µ–Ω—Ç–∏–ü–æ–¥—Ö–æ–¥—è—â –∫–∞–∫—Ç–æ –∑–∞ –¥–µ–ª–∏–∫–∞—Ç–µ—Å–∏, —Ç–∞–∫–∞ –∏ –∑–∞ –∫–æ–º–±–∏–Ω–∏—Ä–∞–Ω –º–æ–¥–µ–ª —Å –∫–∞—Ñ–µ–Ω–µ/–¥–µ–≥—É—Å—Ç–∞—Ü–∏–∏üìå –ì–æ—Ç–æ–≤ –∑–∞ –Ω–µ–∑–∞–±–∞–≤–Ω–æ –ø–æ–µ–º–∞–Ω–µ –±–µ–∑ –Ω—É–∂–¥–∞ –æ—Ç –¥–æ–ø—ä–ª–Ω–∏—Ç–µ–ª–Ω–∏ –∏–Ω–≤–µ—Å—Ç–∏—Ü–∏–∏.–ü–µ—Ä—Ñ–µ–∫—Ç–Ω–∞ –≤—ä–∑–º–æ–∂–Ω–æ—Å—Ç –∑–∞ —Å–æ–±—Å—Ç–≤–µ–Ω –±–∏–∑–Ω–µ—Å –≤ –µ–¥–∏–Ω –æ—Ç –Ω–∞–π-–ø–µ—Ä—Å–ø–µ–∫—Ç–∏–≤–Ω–∏—Ç–µ —Ä–∞–π–æ–Ω–∏ –Ω–∞ –°–æ—Ñ–∏—è. –ó–∞ –ø–æ–≤–µ—á–µ –∏–Ω—Ñ–æ—Ä–º–∞—Ü–∏—è: –û—Ä–ª–∏–Ω –ù–∏–∫–æ–ª–æ–≤, —Ç–µ–ª. 0884 580 540. –í–∏–∂ –ø–æ-–º–∞–ª–∫–æ... –í–∏–∂ –ø–æ–≤–µ—á–µ
–ü—Ä–æ–¥–∞–≤–∞ 3-–°–¢–ê–ï–ù                –≥—Ä–∞–¥ –°–æ—Ñ–∏—è, –ö—Ä—ä—Å—Ç–æ–≤–∞ –≤–∞–¥–∞
                
                –û–±—è–≤–∞: 1c174470585141149,
                295 000 EUR576 969.85 –ª–≤.
                (2 360 EUR, 4 615.76 –ª–≤./m2)
              ,–≥—Ä–∞–¥ –°–æ—Ñ–∏—è, –ö—Ä—ä—Å—Ç–æ–≤–∞ –≤–∞–¥–∞,–ö–æ—Ä–∏–≥–∏—Ä–∞–Ω–∞ –≤ 19:03 –Ω–∞ 7 –∞–≤–≥—É—Å—Ç, 2025 –≥–æ–¥.,https://www.imot.bg/obiava-1c174470585141149-prodava-tristaen-apartament-grad-sofiya-krastova-vada,//imotstatic1.focus.bg/imot/photosimotbg/1/149//big/1c174470585141149_5e.jpg,–ê–∫—Ç 16! –ö–ª—é—á! –ü—Ä–µ–¥–ª–∞–≥–∞–º–µ —Ç—Ä–∏—Å—Ç–∞–µ–Ω, —é–∂–µ–Ω, –ø—Ä–æ—Å—Ç–æ—Ä–µ–Ω —Ç—Ä–∏—Å—Ç–∞–µ–Ω –∞–ø–∞—Ä—Ç–∞–º–µ–Ω—Ç –Ω–∞—Ö–æ–¥—è—â —Å–µ –Ω–∞ –±—É–ª. –ß–µ—Ä–Ω–∏ –≤—Ä—ä—Ö. –í —Å–≥—Ä–∞–¥–∞—Ç–∞ –∏–º–∞ –≤–µ—á–µ –∂–∏–≤—É—â–∏ —Å–æ–±—Å—Ç–≤–µ–Ω–∏—Ü–∏. –ê–ø–∞—Ä—Ç–∞–º–µ–Ω—Ç—ä—Ç –µ –≤—ä—Ç—Ä–µ—à–µ–Ω,  —Å  –ø—Ä–µ–∫—Ä–∞—Å–µ–Ω, –ø–∞–Ω–æ—Ä–∞–º–µ–Ω –∏–∑–≥–ª–µ–¥ –∫—ä–º –í–∏—Ç–æ—à–∞. –ó–∞—Å—Ç—Ä–æ–µ–Ω–∞—Ç–∞ –ø–ª–æ—â –µ 104,70–∫–≤.–º. –∏ 20–∫–≤.–º. –∏–¥–µ–∞–ª–Ω–∏ —á–∞—Å—Ç–∏ –æ—Ç —Å–≥—Ä–∞–¥–∞—Ç–∞ –∏  —Å—ä–æ—Ç–≤–µ—Ç–Ω–∏—Ç–µ –∏–¥–µ–∞–ª–Ω–∏ —á–∞—Å—Ç–∏ –æ—Ç –ø—Ä–∞–≤–æ—Ç–æ –Ω–∞ —Å—Ç—Ä–æ–µ–∂ –≤—ä—Ä—Ö—É –º–µ—Å—Ç–æ—Ç–æ. –ü—Ä–µ–¥—Å—Ç–∞–≤–ª—è–≤–∞ –≤—Å–µ–∫–∏–¥–Ω–µ–≤–Ω–∞ —Å –∫—É—Ö–Ω–µ–Ω—Å–∫–∏ –±–æ–∫—Å  , –¥–≤–µ —Å–ø–∞–ª–Ω–∏,  –¥–≤–µ –±–∞–Ω–∏  , –º–æ–∫—Ä–æ –ø–æ–º–µ—â–µ–Ω–∏–µ, –∫–æ—Ä–∏–¥–æ—Ä –∏ —Ç–µ—Ä–∞—Å–∞ –∫—ä–º –≤—Å—è–∫–∞ —Å—Ç–∞—è.–ñ–∏–ª–∏—â–µ—Ç–æ –µ –±–ª–∏–∑–æ –¥–æ –ú–µ—Ç—Ä–æ—Å—Ç–∞–Ω—Ü–∏—è –í–∏—Ç–æ—à–∞,  –ú–û–õ –ü–∞—Ä–∞–¥–∞–π—Å,  –Æ–∂–µ–Ω –ø–∞—Ä–∫. –ö—ä–º –∞–ø–∞—Ä—Ç–∞–º–µ–Ω—Ç–∞ –∏–º–∞ –≥–∞—Ä–∞–∂ –Ω–∞ —Ü–µ–Ω–∞ 30000E –û–∫–∞–∑–≤–∞–º–µ —Å—ä–¥–µ–π—Å—Ç–≤–∏–µ –∑–∞ –∫—Ä–µ–¥–∏—Ç–∏—Ä–∞–Ω–µ.
–ü—Ä–æ–¥–∞–≤–∞ 3-–°–¢–ê–ï–ù                –≥—Ä–∞–¥ –°–æ—Ñ–∏—è, –ú–∞–Ω–∞—Å—Ç–∏—Ä—Å–∫–∏ –ª–∏–≤–∞–¥–∏
                
                –û–±—è–≤–∞: 1c175456659083289,
                276 500 EUR540 787.00 –ª–≤.
                (2 491 EUR, 4 871.97 –ª–≤./m2)
              ,–≥—Ä–∞–¥ –°–æ—Ñ–∏—è, –ú–∞–Ω–∞—Å—Ç–∏—Ä—Å–∫–∏ –ª–∏–≤–∞–¥–∏,–ü—É–±–ª–∏–∫—É–≤–∞–Ω–∞ –≤ 14:36 –Ω–∞ 7 –∞–≤–≥—É—Å—Ç, 2025 –≥–æ–¥.,https://www.imot.bg/obiava-1c175456659083289-prodava-tristaen-apartament-grad-sofiya-manastirski-livadi,//imotstatic4.focus.bg/imot/photosimotbg/1/289//big/1c175456659083289_qa.jpg,–ü—Ä–æ–¥–∞–≤–∞ —Å–µ —Ç—Ä–∏—Å—Ç–∞–µ–Ω –∞–ø–∞—Ä—Ç–∞–º–µ–Ω—Ç –≤ –ú–∞–Ω–∞—Å—Ç–∏—Ä—Å–∫–∏ –ª–∏–≤–∞–¥–∏   –ø—Ä—è–∫–∞ –Ω–∞ —É–ª. –†–∞–ª–µ–≤–∏—Ü–∞, –≤ –±–ª–∏–∑–æ—Å—Ç –¥–æ –ø–æ—Å–ª–µ–¥–Ω–∞—Ç–∞ —Å–ø–∏—Ä–∫–∞ –Ω–∞ —Ç—Ä–∞–º–≤–∞–π 7–ü—Ä–µ–¥–ª–∞–≥–∞ —Å–µ –ø—Ä–æ—Å—Ç–æ—Ä–µ–Ω —Ç—Ä–∏—Å—Ç–∞–µ–Ω –∞–ø–∞—Ä—Ç–∞–º–µ–Ω—Ç –≤ –Ω–æ–≤–∞ —Å–≥—Ä–∞–¥–∞ –æ—Ç 2023 –≥., —Ä–∞–∑–ø–æ–ª–æ–∂–µ–Ω –Ω–∞ —Ç–∏—Ö–∞ —É–ª–∏—Ü–∞ —Å –æ—Ç–ª–∏—á–Ω–∞ –∫–æ–º—É–Ω–∏–∫–∞—Ü–∏—è, –≤ –∫–≤. –ú–∞–Ω–∞—Å—Ç–∏—Ä—Å–∫–∏ –ª–∏–≤–∞–¥–∏, –±–ª–∏–∑–æ –¥–æ –±—É–ª. –ë—ä–ª–≥–∞—Ä–∏—è –∏ —Å–ø–∏—Ä–∫–∏ –Ω–∞ –≥—Ä–∞–¥—Å–∫–∏ —Ç—Ä–∞–Ω—Å–ø–æ—Ä—Ç.–ü–ª–æ—â: 106 –∫–≤.–º–ï—Ç–∞–∂: 2 –æ—Ç 6–°—ä—Å—Ç–æ—è–Ω–∏–µ: —à–ø–∞–∫–ª–æ–≤–∫–∞ –∏ –∑–∞–º–∞–∑–∫–∞–û—Ç–æ–ø–ª–µ–Ω–∏–µ: –ø–æ–¥–æ–≤–æ –æ—Ç–æ–ø–ª–µ–Ω–∏–µ–ò–∑–æ–ª–∞—Ü–∏—è: –∫–∞–º–µ–Ω–Ω–∞ –≤–∞—Ç–∞–†–∞–∑–ø—Ä–µ–¥–µ–ª–µ–Ω–∏–µ:–ü—Ä–æ—Å—Ç–æ—Ä–µ–Ω —Ö–æ–ª —Å –∫—É—Ö–Ω–µ–Ω—Å–∫–∏ –±–æ–∫—Å –∏ –∏–∑–ª–∞–∑ –Ω–∞ —Ç–µ—Ä–∞—Å–∞–†–æ–¥–∏—Ç–µ–ª—Å–∫–∞ —Å–ø–∞–ª–Ω—è–í—Ç–æ—Ä–∞ (–¥–µ—Ç—Å–∫–∞) —Å–ø–∞–ª–Ω—è–ë–∞–Ω—è —Å —Ç–æ–∞–ª–µ—Ç–Ω–∞–û—Ç–¥–µ–ª–Ω–æ –º–æ–∫—Ä–æ –ø–æ–º–µ—â–µ–Ω–∏–µ–¶–µ–Ω–∞: 276 500 –µ–≤—Ä–æ –±–µ–∑ –î–î–° (—Å–æ–±—Å—Ç–≤–µ–Ω–∏–∫–∞ –µ —é—Ä–∏–¥–∏—á–µ—Å–∫–æ –ª–∏—Ü–µ)–î–æ–ø—ä–ª–Ω–∏—Ç–µ–ª–Ω–æ: –≤—ä–∑–º–æ–∂–Ω–æ—Å—Ç –∑–∞ –∑–∞–∫—É–ø—É–≤–∞–Ω–µ –Ω–∞ –≥–∞—Ä–∞–∂  .–ò–º–æ—Ç—ä—Ç –µ –ø–æ–¥—Ö–æ–¥—è—â –∫–∞–∫—Ç–æ –∑–∞ –ª–∏—á–Ω–æ –ø–æ–ª–∑–≤–∞–Ω–µ, —Ç–∞–∫–∞ –∏ –∑–∞ –∏–Ω–≤–µ—Å—Ç–∏—Ü–∏—è. –°–≥—Ä–∞–¥–∞—Ç–∞ –µ —Å –º–æ–¥–µ—Ä–Ω–æ —Å—Ç—Ä–æ–∏—Ç–µ–ª—Å—Ç–≤–æ –∏ –≤–∏—Å–æ–∫–æ–∫–∞—á–µ—Å—Ç–≤–µ–Ω–∏ –º–∞—Ç–µ—Ä–∏–∞–ª–∏. –û—Ç–ª–∏—á–Ω–∞ –ª–æ–∫–∞—Ü–∏—è —Å —É–¥–æ–±–µ–Ω –¥–æ—Å—Ç—ä–ø –¥–æ —Ü–µ–Ω—Ç—Ä–∞–ª–Ω–∏ –±—É–ª–µ–≤–∞—Ä–¥–∏ –∏ –≥—Ä–∞–¥—Å–∫–∏ —Ç—Ä–∞–Ω—Å–ø–æ—Ä—Ç.
–ü—Ä–æ–¥–∞–≤–∞ 3-–°–¢–ê–ï–ù                –≥—Ä–∞–¥ –°–æ—Ñ–∏—è, –ú–∞–Ω–∞—Å—Ç–∏—Ä—Å–∫–∏ –ª–∏–≤–∞–¥–∏
                
                –û–±—è–≤–∞: 1c174791079298829,
                246 753 EUR482 606.92 –ª–≤.
                (2 492 EUR, 4 873.93 –ª–≤./m2)
              ,–≥—Ä–∞–¥ –°–æ—Ñ–∏—è, –ú–∞–Ω–∞—Å—Ç–∏—Ä—Å–∫–∏ –ª–∏–≤–∞–¥–∏,–ö–æ—Ä–∏–≥–∏—Ä–∞–Ω–∞ –≤ 14:25 –Ω–∞ 7 –∞–≤–≥—É—Å—Ç, 2025 –≥–æ–¥.,https://www.imot.bg/obiava-1c174791079298829-prodava-tristaen-apartament-grad-sofiya-manastirski-livadi,//imotstatic1.focus.bg/imot/photosimotbg/1/829//big/1c174791079298829_Aq.jpg,–ò–º–∞–º–µ —É–¥–æ–≤–æ–ª—Å—Ç–≤–∏–µ—Ç–æ –¥–∞ –≤–∏ –ø—Ä–µ–¥—Å—Ç–∞–≤–∏–º —Ç—Ä–∏—Å—Ç–∞–µ–Ω –∞–ø–∞—Ä—Ç–∞–º–µ–Ω—Ç –≤ —Å–≥—Ä–∞–¥–∞, –∫–æ—è—Ç–æ —Å–µ –Ω–∞–º–∏—Ä–∞ –≤ –Ω–∞–π   –±—ä—Ä–∑–æ—Ä–∞–∑–≤–∏–≤–∞—â–∏—è —Å–µ –∫–≤–∞—Ä—Ç–∞–ª –Ω–∞ –≥—Ä. –°–æ—Ñ–∏—è   –ú–∞–Ω–∞—Å—Ç–∏—Ä—Å–∫–∏ –ª–∏–≤–∞–¥–∏. –í –±–ª–∏–∑–æ—Å—Ç –¥–æ –Ω–µ—è —Å–µ –Ω–∞–º–∏—Ä–∞ –¶–µ–Ω—Ç—ä—Ä—ä—Ç –Ω–∞ –≥—Ä–∞–¥–∞, –±—ä—Ä–∑–∞—Ç–∞ –ø—ä—Ç–Ω–∞ –∞—Ä—Ç–µ—Ä–∏—è   –±—É–ª. –ë—ä–ª–≥–∞—Ä–∏—è, –µ–¥–∏–Ω –æ—Ç –Ω–∞–π   –≥–æ–ª–µ–º–∏—Ç–µ –ø–∞—Ä–∫–æ–≤–µ   –Æ–∂–µ–Ω –ø–∞—Ä–∫, Bulgaria Mall –∏ Paradise Center. –ö–≤–∞—Ä—Ç–∞–ª—ä—Ç –µ —Ç–∏—Ö –∏ —Å–ø–æ–∫–æ–µ–Ω, –ø—Ä–∏—Ç–µ–∂–∞–≤–∞—â —Å–æ–±—Å—Ç–≤–µ–Ω —Å–ø–µ—Ü–∏—Ñ–∏—á–µ–Ω –º–∏–∫—Ä–æ–∫–ª–∏–º–∞—Ç, —á–∏—Å—Ç –≤—ä–∑–¥—É—Ö –∏ –ø—Ä–µ–∫—Ä–∞—Å–Ω–∞ –≥–ª–µ–¥–∫–∞ –∫—ä–º –ø–ª–∞–Ω–∏–Ω–∞ –í–∏—Ç–æ—à–∞. –í —Å—ä—Å–µ–¥—Å—Ç–≤–æ —Å–µ –Ω–∞–º–∏—Ä–∞—Ç –∫—Ä–∞—Å–∏–≤–∏ –∏ –Ω–æ–≤–∏ –∂–∏–ª–∏—â–Ω–∏ —Å–≥—Ä–∞–¥–∏.–°–≥—Ä–∞–¥–∞—Ç–∞ –µ —Å –æ—Ç–ª–∏—á–∏—Ç–µ–ª–Ω–∞ –∞—Ä—Ö–∏—Ç–µ–∫—Ç—É—Ä–∞, –≤—ä–ø–ª—ä—â–∞–≤–∞—â–∞ –º–Ω–æ–≥–æ–ø–ª–∞—Å—Ç–æ–≤–∏—è —Ö–∞—Ä–∞–∫—Ç–µ—Ä –Ω–∞ –∂–∏–≤–æ—Ç–∞ –≤ –∑–∞—Ç–≤–æ—Ä–µ–Ω —Ç–∏–ø –∫–æ–º–ø–ª–µ–∫—Å. –§–∞—Å–∞–¥–∞—Ç–∞, –∏–∑–≥—Ä–∞–¥–µ–Ω–∞ –æ—Ç –¥—ä—Ä–≤–µ–Ω–∏ –∏ –∫–∞–º–µ–Ω–Ω–∏ –ø–∞–Ω–µ–ª–∏, –¥–∞–≤–∞ –∞—Ç–º–æ—Å—Ñ–µ—Ä–∞ –Ω–∞ —É—é—Ç, –∫–æ—è—Ç–æ –ø—Ä–µ–ª–∏–≤–∞ –∏ –≤—ä—Ç—Ä–µ –≤ —Å–≥—Ä–∞–¥–∞—Ç–∞ —Å –∫–∞–º—ä–∫ —Ç—Ä–∞–≤–µ—Ä—Ç–∏–Ω –∏ –∏–Ω—Ç–µ—Ä–∏–æ—Ä–Ω–∏ –º–∞–∑–∏–ª–∫–∏.–°—ä–≤—Ä–µ–º–µ–Ω–Ω–∏—è—Ç –¥–∏–∑–∞–π–Ω —Å—ä—Å —Å—Ç—ä–∫–ª–µ–Ω–∏—Ç–µ –ø–∞–Ω–µ–ª–∏ –∏ –ø–∞–Ω–æ—Ä–∞–º–Ω–∏ –ø—Ä–æ–∑–æ—Ä—Ü–∏ –≥–∞—Ä–∞–Ω—Ç–∏—Ä–∞, —á–µ –≤—Å–∏—á–∫–∏ –∞–ø–∞—Ä—Ç–∞–º–µ–Ω—Ç–∏ –ø—Ä–∏—Ç–µ–∂–∞–≤–∞—Ç –¥–æ—Å—Ç—ä–ø –Ω–∞ –µ—Å—Ç–µ—Å—Ç–≤–µ–Ω–∞ —Å–≤–µ—Ç–ª–∏–Ω–∞ –∏ —É—Å–µ—â–∞–Ω–µ –∑–∞ –ø—Ä–æ—Å—Ç–æ—Ä, –≤–∏—Å–æ–∫–æ –Ω–∏–≤–æ –Ω–∞ –∑–≤—É–∫–æ–∏–∑–æ–ª–∞—Ü–∏—è, –µ–Ω–µ—Ä–≥–∏–π–Ω–∞ –µ—Ñ–µ–∫—Ç–∏–≤–Ω–æ—Å—Ç.–°–≥—Ä–∞–¥–∞—Ç–∞ —â–µ –±—ä–¥–µ —Å –æ–≥—Ä–∞–Ω–∏—á–µ–Ω –¥–æ—Å—Ç—ä–ø –∏ –¥–≤–æ—Ä, —Å—ä—á–µ—Ç–∞–≤–∞—â –≤–æ–¥–Ω–∏ –µ—Ñ–µ–∫—Ç–∏, –ø—Ä–∏–∫–∞–∑–Ω–∞ –≤–∏—Å–æ–∫–∞ –∏ –Ω–∏—Å–∫–∞ —Ä–∞—Å—Ç–∏—Ç–µ–ª–Ω–æ—Å—Ç, –∞–ª–µ–∏ –∏ –º–µ—Å—Ç–∞ –∑–∞ –æ—Ç–¥–∏—Ö.–°—Ç–∞—Ä—Ç–∏—Ä–∞–Ω–µ –Ω–∞ —Å—Ç—Ä–æ–∏—Ç–µ–ª–Ω–∏—Ç–µ –¥–µ–π–Ω–æ—Å—Ç–∏ –ø—Ä–µ–∑ —é–ª–∏ 2024–≥. –∏ —Å—Ä–æ–∫ –∑–∞ –∑–∞–≤—ä—Ä—à–≤–∞–Ω–µ 24 –º–µ—Å–µ—Ü–∞.–ê–ø–∞—Ä—Ç–∞–º–µ–Ω—Ç—ä—Ç –µ —Å —á–∏—Å—Ç–∞ –ø–ª–æ—â –æ—Ç 85,60 –∫–≤.–º. –∏ –∏–º–∞ —Å–ª–µ–¥–Ω–æ—Ç–æ —Ä–∞–∑–ø—Ä–µ–¥–µ–ª–µ–Ω–∏–µ: –∞–Ω—Ç—Ä–µ, –¥–Ω–µ–≤–Ω–∞ —Å –∫—É—Ö–Ω–µ–Ω—Å–∫–∏ –±–æ–∫—Å, –¥–≤–µ —Å–ø–∞–ª–Ω–∏, 2 –±–∞–Ω–∏, —Å–∫–ª–∞–¥ –∏ –±–∞–ª–∫–æ–Ω.–ò–º–∞ –≤—ä–∑–º–æ–∂–Ω–æ—Å—Ç –∑–∞ –∑–∞–∫—É–ø—É–≤–∞–Ω–µ –Ω–∞ –≥–∞—Ä–∞–∂–∏, —Å–∫–ª–∞–¥–æ–≤–µ, –ø–∞—Ä–∫–æ–º–µ—Å—Ç–∞.–ù–∞–ª–∏—á–Ω–∏ —Å–∞ –≥—ä–≤–∫–∞–≤–∏ —Å—Ö–µ–º–∏ –Ω–∞ –ø–ª–∞—â–∞–Ω–µ:80%/ 20%30%/30%/30%/10%20%/ 80%–ö–æ–¥ –Ω–∞ –æ—Ñ–µ—Ä—Ç–∞ 6125–ó–∞ –ø–æ–≤–µ—á–µ –∏–Ω—Ñ–æ—Ä–º–∞—Ü–∏—è: +359 877 214 549 –í–∏–∂ –ø–æ-–º–∞–ª–∫–æ... –í–∏–∂ –ø–æ–≤–µ—á–µ
–ü—Ä–æ–¥–∞–≤–∞ 3-–°–¢–ê–ï–ù                –≥—Ä–∞–¥ –°–æ—Ñ–∏—è, –ú–∞–Ω–∞—Å—Ç–∏—Ä—Å–∫–∏ –ª–∏–≤–∞–¥–∏
                
                –û–±—è–≤–∞: 1c171949803330617,
                279 000 EUR545 676.57 –ª–≤.
                (1 993 EUR, 3 897.97 –ª–≤./m2)
              ,–≥—Ä–∞–¥ –°–æ—Ñ–∏—è, –ú–∞–Ω–∞—Å—Ç–∏—Ä—Å–∫–∏ –ª–∏–≤–∞–¥–∏,–ö–æ—Ä–∏–≥–∏—Ä–∞–Ω–∞ –≤ 23:00 –Ω–∞ 7 –∞–≤–≥—É—Å—Ç, 2025 –≥–æ–¥.,https://www.imot.bg/obiava-1c171949803330617-prodava-tristaen-apartament-grad-sofiya-manastirski-livadi,//imotstatic2.focus.bg/imot/photosimotbg/1/617//big/1c171949803330617_YX.jpg,Unique Estates –ø—Ä–µ–¥—Å—Ç–∞–≤—è –Ω–∞ –í–∞—à–µ—Ç–æ –≤–Ω–∏–º–∞–Ω–∏–µ –∏–∑–∫–ª—é—á–∏—Ç–µ–ª–Ω–æ —Å–≤–µ—Ç—ä–ª –∏ –ø—Ä–æ—Å—Ç–æ—Ä–µ–Ω —Ç—Ä–∏—Å—Ç–∞–µ–Ω –∞–ø–∞—Ä—Ç–∞–º–µ–Ω—Ç —Å –¥–≤–µ —Å–ø–∞–ª–Ω–∏, —Ä–∞–∑–ø–æ–ª–æ–∂–µ–Ω –≤ –ø—Ä–µ—Å—Ç–∏–∂–Ω–∏—è –∫–≤–∞—Ä—Ç–∞–ª –ú–∞–Ω–∞—Å—Ç–∏—Ä—Å–∫–∏ –ª–∏–≤–∞–¥–∏   –ò–∑—Ç–æ–∫. –ò–º–æ—Ç—ä—Ç —Å–µ –Ω–∞–º–∏—Ä–∞ –≤ –Ω–æ–≤–∞ —Å–≥—Ä–∞–¥–∞ —Å –ê–∫—Ç 16, —á–∞—Å—Ç –æ—Ç –∑–∞—Ç–≤–æ—Ä–µ–Ω –∫–æ–º–ø–ª–µ–∫—Å —Å –∫–æ–Ω—Ç—Ä–æ–ª–∏—Ä–∞–Ω –¥–æ—Å—Ç—ä–ø, –∑–µ–ª–µ–Ω–∏ –ø–ª–æ—â–∏, –ø–æ–¥–¥—ä—Ä–∂–∞–Ω–∏ –æ–±—â–∏ —á–∞—Å—Ç–∏ –∏ –¥–µ—Ç—Å–∫–∞ –ø–ª–æ—â–∞–¥–∫–∞, –∫–æ–µ—Ç–æ –≥–æ –ø—Ä–∞–≤–∏ –æ—Å–æ–±–µ–Ω–æ –ø–æ–¥—Ö–æ–¥—è—â –∑–∞ —Å–µ–º–µ–π—Å—Ç–≤–∞ —Å –¥–µ—Ü–∞.–ê–ø–∞—Ä—Ç–∞–º–µ–Ω—Ç—ä—Ç –µ —Å –ø–ª–æ—â –æ—Ç 140 –∫–≤.–º –∏ –µ —Ä–∞–∑–ø–æ–ª–æ–∂–µ–Ω –Ω–∞ –ø—ä—Ä–≤–∏ –µ—Ç–∞–∂ –Ω–∞–¥ –ø–∞—Ä—Ç–µ—Ä. –°—ä—Å—Ç–æ–∏ —Å–µ –æ—Ç –ø—Ä–æ—Å—Ç–æ—Ä–Ω–∞ –¥–Ω–µ–≤–Ω–∞ —Å –æ–±–æ—Å–æ–±–µ–Ω –∫—É—Ö–Ω–µ–Ω—Å–∫–∏ –±–æ–∫—Å –∏ —Ç—Ä–∞–ø–µ–∑–∞—Ä–Ω–∞ –∑–æ–Ω–∞, –¥–≤–µ —É—é—Ç–Ω–∏ —Å–ø–∞–ª–Ω–∏, –±–∞–Ω—è —Å —Ç–æ–∞–ª–µ—Ç–Ω–∞, –∞–Ω—Ç—Ä–µ –∏ –≥–æ–ª—è–º–∞ —Ç–µ—Ä–∞—Å–∞ —Å –ø—Ä–µ–∫—Ä–∞—Å–Ω–∞ –≥–ª–µ–¥–∫–∞ –∫—ä–º –≤—ä—Ç—Ä–µ—à–Ω–∏—è –¥–≤–æ—Ä –∏ –∑–µ–ª–µ–Ω–∏–Ω–∞—Ç–∞ –Ω–∞–æ–∫–æ–ª–æ. –ü—Ä–æ—Å—Ç—Ä–∞–Ω—Å—Ç–≤–æ—Ç–æ –µ —Å–≤–µ—Ç–ª–æ, —Ñ—É–Ω–∫—Ü–∏–æ–Ω–∞–ª–Ω–æ –∏ –¥–æ–±—Ä–µ –æ—Ä–≥–∞–Ω–∏–∑–∏—Ä–∞–Ω–æ, —Å –ø–æ—Ç–µ–Ω—Ü–∏–∞–ª –¥–∞ —Å–µ –ø—Ä–µ–≤—ä—Ä–Ω–µ –≤ –∏—Å—Ç–∏–Ω—Å–∫–∏ –¥–æ–º.–°–≥—Ä–∞–¥–∞—Ç–∞ –µ –Ω–æ–≤–æ —Å—Ç—Ä–æ–∏—Ç–µ–ª—Å—Ç–≤–æ, —Å –º–æ–¥–µ—Ä–µ–Ω –∞—Å–∞–Ω—Å—å–æ—Ä –∏ –≤–∏—Å–æ–∫–æ–∫–∞—á–µ—Å—Ç–≤–µ–Ω–∏ –º–∞—Ç–µ—Ä–∏–∞–ª–∏. –ö–æ–º–ø–ª–µ–∫—Å—ä—Ç –ø—Ä–µ–¥–ª–∞–≥–∞ —Å–ø–æ–∫–æ–π—Å—Ç–≤–∏–µ –∏ —Å–∏–≥—É—Ä–Ω–æ—Å—Ç, –∞ –ª–æ–∫–∞—Ü–∏—è—Ç–∞ –º—É –µ –µ–¥–Ω–æ –æ—Ç –Ω–∞–π-–≥–æ–ª–µ–º–∏—Ç–µ –º—É –ø—Ä–µ–¥–∏–º—Å—Ç–≤–∞   –≤ –±–ª–∏–∑–æ—Å—Ç –¥–æ –±—É–ª.  –û–∫–æ–ª–æ–≤—Ä—ä—Å—Ç–µ–Ω –ø—ä—Ç  –∏ —É–ª.  –¢–æ–¥–æ—Ä –ö–∞–±–ª–µ—à–∫–æ–≤ , –∫–æ–µ—Ç–æ –æ—Å–∏–≥—É—Ä—è–≤–∞ —É–¥–æ–±–µ–Ω –¥–æ—Å—Ç—ä–ø –¥–æ —Ü–µ–Ω—Ç—ä—Ä–∞ –Ω–∞ –°–æ—Ñ–∏—è –∏ –¥–æ –≤—Å–∏—á–∫–∏ –æ—Å–Ω–æ–≤–Ω–∏ –ø—ä—Ç–Ω–∏ –∞—Ä—Ç–µ—Ä–∏–∏. –†–∞–π–æ–Ω—ä—Ç –µ –æ—Ç–ª–∏—á–Ω–æ —Ä–∞–∑–≤–∏—Ç –∏ –ø—Ä–µ–¥–ª–∞–≥–∞ —Ä–∞–∑–Ω–æ–æ–±—Ä–∞–∑–∏–µ –æ—Ç —É–¥–æ–±—Å—Ç–≤–∞   —Ö–∏–ø–µ—Ä–º–∞—Ä–∫–µ—Ç–∏, —Ä–µ—Å—Ç–æ—Ä–∞–Ω—Ç–∏, —á–∞—Å—Ç–Ω–∏ –¥–µ—Ç—Å–∫–∏ –∑–∞–≤–µ–¥–µ–Ω–∏—è, –¥–µ–Ω—Ç–∞–ª–Ω–∏ –∏ –µ—Å—Ç–µ—Ç–∏—á–Ω–∏ –∫–ª–∏–Ω–∏–∫–∏, —Å–∞–ª–æ–Ω–∏ –∑–∞ –∫—Ä–∞—Å–æ—Ç–∞ –∏ –º–Ω–æ–∂–µ—Å—Ç–≤–æ –±–∏–∑–Ω–µ—Å —Å–≥—Ä–∞–¥–∏ –∏ –æ—Ñ–∏—Å–∏. –ù–∞–±–ª–∏–∑–æ –∏–º–∞ –∏ —É–¥–æ–±–µ–Ω –≥—Ä–∞–¥—Å–∫–∏ —Ç—Ä–∞–Ω—Å–ø–æ—Ä—Ç, –≤–∫–ª—é—á–∏—Ç–µ–ª–Ω–æ –∞–≤—Ç–æ–±—É—Å–Ω–∏ –∏ —Ç—Ä–∞–º–≤–∞–π–Ω–∏ –ª–∏–Ω–∏–∏.–ò–º–∞ –≤—ä–∑–º–æ–∂–Ω–æ—Å—Ç –∑–∞ –∑–∞–∫—É–ø—É–≤–∞–Ω–µ –Ω–∞ –ø–∞—Ä–∫–æ–º—è—Å—Ç–æ –≤ –ø–æ–¥–∑–µ–º–µ–Ω –≥–∞—Ä–∞–∂ –Ω–∞ —Ü–µ–Ω–∞ –æ—Ç 25 000 –µ–≤—Ä–æ.–¢–æ–∑–∏ –∞–ø–∞—Ä—Ç–∞–º–µ–Ω—Ç –µ –∏–¥–µ–∞–ª–µ–Ω –∏–∑–±–æ—Ä –∑–∞ —Å–µ–º–µ–π—Å—Ç–≤–∞ –∏–ª–∏ –¥–≤–æ–π–∫–∏, –∫–æ–∏—Ç–æ —Ç—ä—Ä—Å—è—Ç –º–æ–¥–µ—Ä–µ–Ω, —É–¥–æ–±–µ–Ω –∏ —Å–∏–≥—É—Ä–µ–Ω –¥–æ–º –≤ –µ–¥–∏–Ω –æ—Ç –Ω–∞–π-–∂–µ–ª–∞–Ω–∏—Ç–µ —é–∂–Ω–∏ –∫–≤–∞—Ä—Ç–∞–ª–∏ –Ω–∞ –°–æ—Ñ–∏—è. –î–≤–µ —Å–ø–∞–ª–Ω–∏, –≤—Å—è–∫–∞ —Å –±–∞–Ω—è –∏ —Ç–æ–µ–ª–∞–µ—Ç–Ω–∞, –¥–Ω–µ–≤–Ω–∞ —Å –∫—É—Ö–Ω—è –∏ —Ç—Ä–∞–ø–µ–∑–∞—Ä–∏—è, –∏–∑–∫–ª—é—á–∏—Ç–µ–ª–Ω–æ –ø—Ä–æ—Å—Ç—Ä–Ω–æ –∞–Ω—Ç—Ä–µ, –≥–æ–ª—è–º–∞ —Ç–µ—Ä–∞—Å–∞ –¶–µ–Ω–∞—Ç–∞ –µ –±–µ–∑ –≤–∫–ª—é—á–µ–Ω –î–î–°.  Ref. ID:23318 –í–∏–∂ –ø–æ-–º–∞–ª–∫–æ... –í–∏–∂ –ø–æ–≤–µ—á–µ
–ü—Ä–æ–¥–∞–≤–∞ 3-–°–¢–ê–ï–ù                –≥—Ä–∞–¥ –°–æ—Ñ–∏—è, –ú–∞–Ω–∞—Å—Ç–∏—Ä—Å–∫–∏ –ª–∏–≤–∞–¥–∏
                
                –û–±—è–≤–∞: 1c168111547818474,
                278 766 EUR545 218.91 –ª–≤.
                (2 557 EUR, 5 001.06 –ª–≤./m2)
              ,–≥—Ä–∞–¥ –°–æ—Ñ–∏—è, –ú–∞–Ω–∞—Å—Ç–∏—Ä—Å–∫–∏ –ª–∏–≤–∞–¥–∏,–ö–æ—Ä–∏–≥–∏—Ä–∞–Ω–∞ –≤ 15:05 –Ω–∞ 7 –∞–≤–≥—É—Å—Ç, 2025 –≥–æ–¥.,https://www.imot.bg/obiava-1c168111547818474-prodava-tristaen-apartament-grad-sofiya-manastirski-livadi,//cdn3.focus.bg/imot/photosimotbg/1/474//big/1c168111547818474_wO.jpg,–ü—Ä–µ–¥—Å—Ç–∞–≤—è–º–µ –≤–∏ —Ç—Ä–∏—Å—Ç–∞–µ–Ω –∞–ø–∞—Ä—Ç–∞–º–µ–Ω—Ç –≤ –ª—É–∫—Å–æ–∑–Ω–∞ –Ω–æ–≤–æ—Å—Ç—Ä–æ—è—â–∞ —Å–µ —Å–≥—Ä–∞–¥–∞ –≤ —Ä–∞–π–æ–Ω —Å –æ—Ç–ª–∏—á–Ω–æ –º–µ—Å—Ç–æ–ø–æ–ª–æ–∂–µ–Ω–∏–µ –∏ –∂–µ–ª–∞–Ω–∞ –ª–æ–∫–∞—Ü–∏—è. –ê–ø–∞—Ä—Ç–∞–º–µ–Ω—Ç—ä—Ç –µ —Ä–∞–∑–ø–æ–ª–æ–∂–µ–Ω –Ω–∞ –≤—Ç–æ—Ä–∏ (–ø—ä—Ä–≤–∏ –∂–∏–ª–∏—â–µ–Ω) –µ—Ç–∞–∂ .–ù–∞–º–∏—Ä–∞ —Å–µ –≤ –ñ.–∫ –ú–∞–Ω–∞—Å—Ç–∏—Ä—Å–∫–∏ –ª–∏–≤–∞–¥–∏ (–∏–∑—Ç–æ–∫)- –∫–≤–∞—Ä—Ç–∞–ª —Å —Ä–∞–∑–Ω–æ–æ–±—Ä–∞–∑–µ–Ω –≥—Ä–∞–¥—Å–∫–∏ —Ç—Ä–∞–Ω—Å–ø–æ—Ä—Ç –∏ –º–∞–≥–∞–∑–∏–Ω–∏. –ß–∏—Å—Ç–∞—Ç–∞ –∫–≤–∞–¥—Ä–∞—Ç—É—Ä–∞ –Ω–∞ –∂–∏–ª–∏—â–µ—Ç–æ –µ 96 –∫–≤.–º, —Å –æ–±—â–∏ —á–∞—Å—Ç–∏ 109 –∫–≤.–º.–í –Ω–µ–ø–æ—Å—Ä–µ–¥—Å—Ç–≤–µ–Ω–∞ –±–ª–∏–∑–æ—Å—Ç –¥–æ –ú–æ–ª –ë—ä–ª–≥–∞—Ä–∏—è. –° –±—ä—Ä–∑ –¥–æ—Å—Ç—ä–ø –¥–æ –û–∫–æ–ª–æ–≤—Ä—ä—Å—Ç–µ–Ω –ø—ä—Ç, –∫–∞–∫—Ç–æ –∏ –ø—Ä–∏–¥–≤–∏–∂–≤–∞–Ω–µ —Å  –º–Ω–æ–≥–æ –±—ä—Ä–∑ –≥—Ä–∞–¥—Å–∫–∏ —Ç—Ä–∞–Ω—Å–ø–æ—Ä—Ç –¥–æ —Ü–µ–Ω—Ç—ä—Ä–∞ –Ω–∞ –°–æ—Ñ–∏—è.–í —Å–≥—Ä–∞–¥–∞—Ç–∞ –≤—Å–∏—á–∫–∏ –∞–ø–∞—Ä—Ç–∞–º–µ–Ω—Ç–∏, –∫–æ–∏—Ç–æ –ø—Ä–µ–¥–ª–∞–≥–∞–º–µ —Å–∞ —Ç—Ä–∏—Å—Ç–∞–π–Ω–∏ —Å —Ä–∞–∑–ª–∏—á–Ω–∏ –∏–∑–ª–æ–∂–µ–Ω–∏—è –∏ –∫–≤–∞–¥—Ä–∞—Ç—É—Ä–∞.–ù–∞ 2,3, –∏ 4 –µ—Ç–∞–∂ –∞–ø–∞—Ä—Ç–∞–º–µ–Ω—Ç–∏—Ç–µ –º–æ–≥–∞—Ç –¥–∞ —Å–µ –ø—Ä–µ—É—Å—Ç—Ä–æ—è—Ç –Ω–∞ –ß–ï–¢–ò–†–ò–°–¢–ê–ô–ù–ò .–û—Ç–æ–ø–ª–µ–Ω–∏–µ—Ç–æ –µ –ø—Ä–µ–¥–≤–∏–¥–µ–Ω–æ –Ω–∞ –≥–∞–∑. –î–æ–≥—Ä–∞–º–∞—Ç–∞ –µ —Å –æ—Ç–ª–∏—á–Ω–æ –∫–∞—á–µ—Å—Ç–≤–æ- –Ω–µ–º—Å–∫–∞, —Å —Ç—Ä–æ–µ–Ω —Å—Ç—ä–∫–ª–æ–ø–∞–∫–µ—Ç.–ù–∞ –ø–∞—Ä—Ç–µ—Ä–Ω–æ –Ω–∏–≤–æ —â–µ –∏–º–∞ –≥–æ–ª—è–º –º–∞–≥–∞–∑–∏–Ω –∑–∞ —Ö—Ä–∞–Ω–µ–Ω–µ.–ò–º–∞ –≤—ä–∑–º–æ–∂–Ω–æ—Å—Ç –∑–∞ –∑–∞–∫—É–ø—É–≤–∞–Ω–µ –Ω–∞ –≥–∞—Ä–∞–∂–∏- –µ–¥–∏–Ω–∏—á–Ω–∏ –∏ –¥–≤–æ–π–Ω–∏. –¢–µ —Å–∞ –Ω–∞ –¥–≤–µ –Ω–∏–≤–∞ . –í–∞—Ä–∏—Ä–∞—Ç –º–µ–∂–¥—É 31000 –∏ 70000 –µ–≤—Ä–æ. –ì—ä–≤–∫–∞–≤–∞ —Å—Ö–µ–º–∞ –Ω–∞ –ø–ª–∞—â–∞–Ω–µ !!!–ó–∞–ø–æ–≤—è–¥–∞–π—Ç–µ –Ω–∞ –æ–≥–ª–µ–¥–∏ –≤ —É–¥–æ–±–Ω–æ –∑–∞ –≤–∞—Å –≤—Ä–µ–º–µ!
–ü—Ä–æ–¥–∞–≤–∞ 3-–°–¢–ê–ï–ù                –≥—Ä–∞–¥ –°–æ—Ñ–∏—è, –ú–∞–Ω–∞—Å—Ç–∏—Ä—Å–∫–∏ –ª–∏–≤–∞–¥–∏
                
                –û–±—è–≤–∞: 1c168111584949060,
                280 908 EUR549 408.29 –ª–≤.
                (2 554 EUR, 4 995.19 –ª–≤./m2)
              ,–≥—Ä–∞–¥ –°–æ—Ñ–∏—è, –ú–∞–Ω–∞—Å—Ç–∏—Ä—Å–∫–∏ –ª–∏–≤–∞–¥–∏,–ö–æ—Ä–∏–≥–∏—Ä–∞–Ω–∞ –≤ 15:05 –Ω–∞ 7 –∞–≤–≥—É—Å—Ç, 2025 –≥–æ–¥.,https://www.imot.bg/obiava-1c168111584949060-prodava-tristaen-apartament-grad-sofiya-manastirski-livadi,//cdn3.focus.bg/imot/photosimotbg/1/060//big/1c168111584949060_oF.jpg,–ü—Ä–µ–¥—Å—Ç–∞–≤—è–º–µ –≤–∏ —Ç—Ä–∏—Å—Ç–∞–µ–Ω –∞–ø–∞—Ä—Ç–∞–º–µ–Ω—Ç , —Ä–∞–∑–ø–æ–ª–æ–∂–µ–Ω –Ω–∞ —Ç—Ä–µ—Ç–∏ (–≤—Ç–æ—Ä–∏ –∂–∏–ª–∏—â–µ–Ω–µ—Ç–∞–∂) –≤ –ª—É–∫—Å–æ–∑–Ω–∞ –Ω–æ–≤–æ—Å—Ç—Ä–æ—è—â–∞ —Å–µ —Å–≥—Ä–∞–¥–∞ –≤ —Ä–∞–π–æ–Ω —Å –æ—Ç–ª–∏—á–Ω–æ –º–µ—Å—Ç–æ–ø–æ–ª–æ–∂–µ–Ω–∏–µ –∏ –∂–µ–ª–∞–Ω–∞ –ª–æ–∫–∞—Ü–∏—è.–ù–∞–º–∏—Ä–∞ —Å–µ –≤ –ñ.–∫ –ú–∞–Ω–∞—Å—Ç–∏—Ä—Å–∫–∏ –ª–∏–≤–∞–¥–∏ (–∏–∑—Ç–æ–∫)- –∫–≤–∞—Ä—Ç–∞–ª —Å —Ä–∞–∑–Ω–æ–æ–±—Ä–∞–∑–µ–Ω –≥—Ä–∞–¥—Å–∫–∏ —Ç—Ä–∞–Ω—Å–ø–æ—Ä—Ç –∏ –º–∞–≥–∞–∑–∏–Ω–∏.–ß–∏—Å—Ç–∞—Ç–∞ –∫–≤–∞–¥—Ä–∞—Ç—É—Ä–∞ –Ω–∞ –∂–∏–ª–∏—â–µ—Ç–æ –µ 96,46 –∫–≤.–º , —Å –æ–±—â–∏ —á–∞—Å—Ç–∏ - 110,16 –∫–≤.–º.–ù–∞ —Ç–æ–∑–∏ –µ—Ç–∞–∂ –ø—Ä–µ–¥–ª–∞–≥–∞–º–µ –∏ –æ—â–µ 2 –∞–ø–∞—Ä—Ç–∞–º–µ–Ω—Ç–∞ (—Ç—Ä–∏—Å—Ç–∞–π–Ω–∏).–í –Ω–µ–ø–æ—Å—Ä–µ–¥—Å—Ç–≤–µ–Ω–∞ –±–ª–∏–∑–æ—Å—Ç –¥–æ –ú–æ–ª –ë—ä–ª–≥–∞—Ä–∏—è. –° –±—ä—Ä–∑ –¥–æ—Å—Ç—ä–ø –¥–æ –û–∫–æ–ª–æ–≤—Ä—ä—Å—Ç–µ–Ω –ø—ä—Ç, –∫–∞–∫—Ç–æ –∏ –ø—Ä–∏–¥–≤–∏–∂–≤–∞–Ω–µ —Å  –º–Ω–æ–≥–æ –±—ä—Ä–∑ –≥—Ä–∞–¥—Å–∫–∏ —Ç—Ä–∞–Ω—Å–ø–æ—Ä—Ç –¥–æ —Ü–µ–Ω—Ç—ä—Ä–∞ –Ω–∞ –°–æ—Ñ–∏—è.–í —Å–≥—Ä–∞–¥–∞—Ç–∞ –≤—Å–∏—á–∫–∏ –∞–ø–∞—Ä—Ç–∞–º–µ–Ω—Ç–∏, –∫–æ–∏—Ç–æ –ø—Ä–µ–¥–ª–∞–≥–∞–º–µ —Å–∞ —Ç—Ä–∏—Å—Ç–∞–π–Ω–∏ —Å —Ä–∞–∑–ª–∏—á–Ω–∏ –∏–∑–ª–æ–∂–µ–Ω–∏—è –∏ –∫–≤–∞–¥—Ä–∞—Ç—É—Ä–∞.–ù–∞ 2,3, –∏ 4 –µ—Ç–∞–∂ –∞–ø–∞—Ä—Ç–∞–º–µ–Ω—Ç–∏—Ç–µ –º–æ–≥–∞—Ç –¥–∞ —Å–µ –ø—Ä–µ—É—Å—Ç—Ä–æ—è—Ç –Ω–∞ –ß–ï–¢–ò–†–ò–°–¢–ê–ô–ù–ò .–û—Ç–æ–ø–ª–µ–Ω–∏–µ—Ç–æ –µ –ø—Ä–µ–¥–≤–∏–¥–µ–Ω–æ –Ω–∞ –≥–∞–∑.–î–æ–≥—Ä–∞–º–∞—Ç–∞ –µ —Å –æ—Ç–ª–∏—á–Ω–æ –∫–∞—á–µ—Å—Ç–≤–æ- –Ω–µ–º—Å–∫–∞, —Å —Ç—Ä–æ–µ–Ω —Å—Ç—ä–∫–ª–æ–ø–∞–∫–µ—Ç.–ù–∞ –ø–∞—Ä—Ç–µ—Ä–Ω–æ –Ω–∏–≤–æ —â–µ –∏–º–∞ –≥–æ–ª—è–º –º–∞–≥–∞–∑–∏–Ω –∑–∞ —Ö—Ä–∞–Ω–µ–Ω–µ.–ò–º–∞ –≤—ä–∑–º–æ–∂–Ω–æ—Å—Ç –∑–∞ –∑–∞–∫—É–ø—É–≤–∞–Ω–µ –Ω–∞ –≥–∞—Ä–∞–∂–∏- –µ–¥–∏–Ω–∏—á–Ω–∏ –∏ –¥–≤–æ–π–Ω–∏. –¢–µ —Å–∞ –Ω–∞ –¥–≤–µ –Ω–∏–≤–∞ . –í–∞—Ä–∏—Ä–∞—Ç –º–µ–∂–¥—É 31000 –∏ 70000 –µ–≤—Ä–æ.–ì—ä–≤–∫–∞–≤–∞ —Å—Ö–µ–º–∞ –Ω–∞ –ø–ª–∞—â–∞–Ω–µ !!!–ó–∞–ø–æ–≤—è–¥–∞–π—Ç–µ –Ω–∞ –æ–≥–ª–µ–¥ –≤ —É–¥–æ–±–Ω–æ –∑–∞ –≤–∞—Å –≤—Ä–µ–º–µ! –í–∏–∂ –ø–æ-–º–∞–ª–∫–æ... –í–∏–∂ –ø–æ–≤–µ—á–µ
–ü—Ä–æ–¥–∞–≤–∞ 3-–°–¢–ê–ï–ù                –≥—Ä–∞–¥ –°–æ—Ñ–∏—è, –ú–∞–Ω–∞—Å—Ç–∏—Ä—Å–∫–∏ –ª–∏–≤–∞–¥–∏
                
                –û–±—è–≤–∞: 1c168111609175800,
                284 960 EUR557 333.32 –ª–≤.
                (2 591 EUR, 5 067.56 –ª–≤./m2)
              ,–≥—Ä–∞–¥ –°–æ—Ñ–∏—è, –ú–∞–Ω–∞—Å—Ç–∏—Ä—Å–∫–∏ –ª–∏–≤–∞–¥–∏,–ö–æ—Ä–∏–≥–∏—Ä–∞–Ω–∞ –≤ 15:05 –Ω–∞ 7 –∞–≤–≥—É—Å—Ç, 2025 –≥–æ–¥.,https://www.imot.bg/obiava-1c168111609175800-prodava-tristaen-apartament-grad-sofiya-manastirski-livadi,//imotstatic1.focus.bg/imot/photosimotbg/1/800//big/1c168111609175800_Cn.jpg,–ü—Ä–µ–¥—Å—Ç–∞–≤—è–º–µ –≤–∏ —Ç—Ä–∏—Å—Ç–∞–µ–Ω –∞–ø–∞—Ä—Ç–∞–º–µ–Ω—Ç , —Ä–∞–∑–ø–æ–ª–æ–∂–µ–Ω –Ω–∞ –ø–µ—Ç–∏ (—á–µ—Ç–≤—ä—Ä—Ç–∏ –∂–∏–ª–∏—â–µ–Ω –µ—Ç–∞–∂) –≤ –ª—É–∫—Å–æ–∑–Ω–∞ –Ω–æ–≤–æ—Å—Ç—Ä–æ—è—â–∞ —Å–µ —Å–≥—Ä–∞–¥–∞ –≤ —Ä–∞–π–æ–Ω —Å –æ—Ç–ª–∏—á–Ω–æ –º–µ—Å—Ç–æ–ø–æ–ª–æ–∂–µ–Ω–∏–µ –∏ –∂–µ–ª–∞–Ω–∞ –ª–æ–∫–∞—Ü–∏—è.–ù–∞–º–∏—Ä–∞ —Å–µ –≤ –ñ.–∫ –ú–∞–Ω–∞—Å—Ç–∏—Ä—Å–∫–∏ –ª–∏–≤–∞–¥–∏ (–∏–∑—Ç–æ–∫)- –∫–≤–∞—Ä—Ç–∞–ª —Å —Ä–∞–∑–Ω–æ–æ–±—Ä–∞–∑–µ–Ω –≥—Ä–∞–¥—Å–∫–∏ —Ç—Ä–∞–Ω—Å–ø–æ—Ä—Ç –∏ –º–∞–≥–∞–∑–∏–Ω–∏.–ß–∏—Å—Ç–∞—Ç–∞ –∫–≤–∞–¥—Ä–∞—Ç—É—Ä–∞ –Ω–∞ –∂–∏–ª–∏—â–µ—Ç–æ –µ 96 –∫–≤.–º , —Å –æ–±—â–∏ —á–∞—Å—Ç–∏ - 109,60 –∫–≤.–º.–ù–∞ —Ç–æ–∑–∏ –µ—Ç–∞–∂ –ø—Ä–µ–¥–ª–∞–≥–∞–º–µ –∏ –æ—â–µ 2 –∞–ø–∞—Ä—Ç–∞–º–µ–Ω—Ç–∞ (—Ç—Ä–∏—Å—Ç–∞–π–Ω–∏).–í –Ω–µ–ø–æ—Å—Ä–µ–¥—Å—Ç–≤–µ–Ω–∞ –±–ª–∏–∑–æ—Å—Ç –¥–æ –ú–æ–ª –ë—ä–ª–≥–∞—Ä–∏—è. –° –±—ä—Ä–∑ –¥–æ—Å—Ç—ä–ø –¥–æ –û–∫–æ–ª–æ–≤—Ä—ä—Å—Ç–µ–Ω –ø—ä—Ç, –∫–∞–∫—Ç–æ –∏ –ø—Ä–∏–¥–≤–∏–∂–≤–∞–Ω–µ —Å  –º–Ω–æ–≥–æ –±—ä—Ä–∑ –≥—Ä–∞–¥—Å–∫–∏ —Ç—Ä–∞–Ω—Å–ø–æ—Ä—Ç –¥–æ —Ü–µ–Ω—Ç—ä—Ä–∞ –Ω–∞ –°–æ—Ñ–∏—è.–í —Å–≥—Ä–∞–¥–∞—Ç–∞ –≤—Å–∏—á–∫–∏ –∞–ø–∞—Ä—Ç–∞–º–µ–Ω—Ç–∏, –∫–æ–∏—Ç–æ –ø—Ä–µ–¥–ª–∞–≥–∞–º–µ —Å–∞ —Ç—Ä–∏—Å—Ç–∞–π–Ω–∏ —Å —Ä–∞–∑–ª–∏—á–Ω–∏ –∏–∑–ª–æ–∂–µ–Ω–∏—è –∏ –∫–≤–∞–¥—Ä–∞—Ç—É—Ä–∞.–ù–∞ 2,3, –∏ 4 –µ—Ç–∞–∂ –∞–ø–∞—Ä—Ç–∞–º–µ–Ω—Ç–∏—Ç–µ –º–æ–≥–∞—Ç –¥–∞ —Å–µ –ø—Ä–µ—É—Å—Ç—Ä–æ—è—Ç –Ω–∞ –ß–ï–¢–ò–†–ò–°–¢–ê–ô–ù–ò .–û—Ç–æ–ø–ª–µ–Ω–∏–µ—Ç–æ –µ –ø—Ä–µ–¥–≤–∏–¥–µ–Ω–æ –Ω–∞ –≥–∞–∑.–î–æ–≥—Ä–∞–º–∞—Ç–∞ –µ —Å –æ—Ç–ª–∏—á–Ω–æ –∫–∞—á–µ—Å—Ç–≤–æ- –Ω–µ–º—Å–∫–∞, —Å —Ç—Ä–æ–µ–Ω —Å—Ç—ä–∫–ª–æ–ø–∞–∫–µ—Ç.–ù–∞ –ø–∞—Ä—Ç–µ—Ä–Ω–æ –Ω–∏–≤–æ —â–µ –∏–º–∞ –≥–æ–ª—è–º –º–∞–≥–∞–∑–∏–Ω –∑–∞ —Ö—Ä–∞–Ω–µ–Ω–µ.–ò–º–∞ –≤—ä–∑–º–æ–∂–Ω–æ—Å—Ç –∑–∞ –∑–∞–∫—É–ø—É–≤–∞–Ω–µ –Ω–∞ –≥–∞—Ä–∞–∂–∏- –µ–¥–∏–Ω–∏—á–Ω–∏ –∏ –¥–≤–æ–π–Ω–∏. –¢–µ —Å–∞ –Ω–∞ –¥–≤–µ –Ω–∏–≤–∞ . –í–∞—Ä–∏—Ä–∞—Ç –º–µ–∂–¥—É 31000 –∏ 70000 –µ–≤—Ä–æ.–ì—ä–≤–∫–∞–≤–∞ —Å—Ö–µ–º–∞ –Ω–∞ –ø–ª–∞—â–∞–Ω–µ !!!–ó–∞–ø–æ–≤—è–¥–∞–π—Ç–µ –Ω–∞ –æ–≥–ª–µ–¥ –≤ —É–¥–æ–±–Ω–æ –∑–∞ –≤–∞—Å –≤—Ä–µ–º–µ! –í–∏–∂ –ø–æ-–º–∞–ª–∫–æ... –í–∏–∂ –ø–æ–≤–µ—á–µ
–ü—Ä–æ–¥–∞–≤–∞ 3-–°–¢–ê–ï–ù                –≥—Ä–∞–¥ –°–æ—Ñ–∏—è, –ú–∞–Ω–∞—Å—Ç–∏—Ä—Å–∫–∏ –ª–∏–≤–∞–¥–∏
                
                –û–±—è–≤–∞: 1c168111642863447,
                280 423 EUR548 459.72 –ª–≤.
                (2 549 EUR, 4 985.41 –ª–≤./m2)
              ,–≥—Ä–∞–¥ –°–æ—Ñ–∏—è, –ú–∞–Ω–∞—Å—Ç–∏—Ä—Å–∫–∏ –ª–∏–≤–∞–¥–∏,–ö–æ—Ä–∏–≥–∏—Ä–∞–Ω–∞ –≤ 15:04 –Ω–∞ 7 –∞–≤–≥—É—Å—Ç, 2025 –≥–æ–¥.,https://www.imot.bg/obiava-1c168111642863447-prodava-tristaen-apartament-grad-sofiya-manastirski-livadi,//imotstatic1.focus.bg/imot/photosimotbg/1/447//big/1c168111642863447_Sx.png,–ü—Ä–µ–¥—Å—Ç–∞–≤—è–º–µ –≤–∏ —Ç—Ä–∏—Å—Ç–∞–µ–Ω –∞–ø–∞—Ä—Ç–∞–º–µ–Ω—Ç , —Ä–∞–∑–ø–æ–ª–æ–∂–µ–Ω –Ω–∞ —Å–µ–¥–º–∏ (—à–µ—Å—Ç–∏ –∂–∏–ª–∏—â–µ–Ω–µ—Ç–∞–∂) –≤ –ª—É–∫—Å–æ–∑–Ω–∞ –Ω–æ–≤–æ—Å—Ç—Ä–æ—è—â–∞ —Å–µ —Å–≥—Ä–∞–¥–∞ –≤ —Ä–∞–π–æ–Ω —Å –æ—Ç–ª–∏—á–Ω–æ –º–µ—Å—Ç–æ–ø–æ–ª–æ–∂–µ–Ω–∏–µ –∏ –∂–µ–ª–∞–Ω–∞ –ª–æ–∫–∞—Ü–∏—è.–ù–∞–º–∏—Ä–∞ —Å–µ –≤ –ñ.–∫ –ú–∞–Ω–∞—Å—Ç–∏—Ä—Å–∫–∏ –ª–∏–≤–∞–¥–∏ (–∏–∑—Ç–æ–∫)- –∫–≤–∞—Ä—Ç–∞–ª —Å —Ä–∞–∑–Ω–æ–æ–±—Ä–∞–∑–µ–Ω –≥—Ä–∞–¥—Å–∫–∏ —Ç—Ä–∞–Ω—Å–ø–æ—Ä—Ç –∏ –º–∞–≥–∞–∑–∏–Ω–∏.–ß–∏—Å—Ç–∞—Ç–∞ –∫–≤–∞–¥—Ä–∞—Ç—É—Ä–∞ –Ω–∞ –∂–∏–ª–∏—â–µ—Ç–æ –µ 96,84 –∫–≤.–º , —Å –æ–±—â–∏ —á–∞—Å—Ç–∏ -110 –∫–≤.–º.–í –Ω–µ–ø–æ—Å—Ä–µ–¥—Å—Ç–≤–µ–Ω–∞ –±–ª–∏–∑–æ—Å—Ç –¥–æ –ú–æ–ª –ë—ä–ª–≥–∞—Ä–∏—è. –° –±—ä—Ä–∑ –¥–æ—Å—Ç—ä–ø –¥–æ –û–∫–æ–ª–æ–≤—Ä—ä—Å—Ç–µ–Ω –ø—ä—Ç, –∫–∞–∫—Ç–æ –∏ –ø—Ä–∏–¥–≤–∏–∂–≤–∞–Ω–µ —Å –º–Ω–æ–≥–æ –±—ä—Ä–∑ –≥—Ä–∞–¥—Å–∫–∏ —Ç—Ä–∞–Ω—Å–ø–æ—Ä—Ç –¥–æ —Ü–µ–Ω—Ç—ä—Ä–∞ –Ω–∞ –°–æ—Ñ–∏—è.–í —Å–≥—Ä–∞–¥–∞—Ç–∞ –≤—Å–∏—á–∫–∏ –∞–ø–∞—Ä—Ç–∞–º–µ–Ω—Ç–∏, –∫–æ–∏—Ç–æ –ø—Ä–µ–¥–ª–∞–≥–∞–º–µ —Å–∞ —Ç—Ä–∏—Å—Ç–∞–π–Ω–∏ —Å —Ä–∞–∑–ª–∏—á–Ω–∏ –∏–∑–ª–æ–∂–µ–Ω–∏—è –∏ –∫–≤–∞–¥—Ä–∞—Ç—É—Ä–∞.–ù–∞ 2,3, –∏ 4 –µ—Ç–∞–∂ –∞–ø–∞—Ä—Ç–∞–º–µ–Ω—Ç–∏—Ç–µ –º–æ–≥–∞—Ç –¥–∞ —Å–µ –ø—Ä–µ—É—Å—Ç—Ä–æ—è—Ç –Ω–∞ –ß–ï–¢–ò–†–ò–°–¢–ê–ô–ù–ò .–û—Ç–æ–ø–ª–µ–Ω–∏–µ—Ç–æ –µ –ø—Ä–µ–¥–≤–∏–¥–µ–Ω–æ –Ω–∞ –≥–∞–∑.–î–æ–≥—Ä–∞–º–∞—Ç–∞ –µ —Å –æ—Ç–ª–∏—á–Ω–æ –∫–∞—á–µ—Å—Ç–≤–æ- –Ω–µ–º—Å–∫–∞, —Å —Ç—Ä–æ–µ–Ω —Å—Ç—ä–∫–ª–æ–ø–∞–∫–µ—Ç.–ù–∞ –ø–∞—Ä—Ç–µ—Ä–Ω–æ –Ω–∏–≤–æ —â–µ –∏–º–∞ –≥–æ–ª—è–º –º–∞–≥–∞–∑–∏–Ω –∑–∞ —Ö—Ä–∞–Ω–µ–Ω–µ.–ò–º–∞ –≤—ä–∑–º–æ–∂–Ω–æ—Å—Ç –∑–∞ –∑–∞–∫—É–ø—É–≤–∞–Ω–µ –Ω–∞ –≥–∞—Ä–∞–∂–∏- –µ–¥–∏–Ω–∏—á–Ω–∏ –∏ –¥–≤–æ–π–Ω–∏. –¢–µ —Å–∞ –Ω–∞ –¥–≤–µ –Ω–∏–≤–∞ . –í–∞—Ä–∏—Ä–∞—Ç –º–µ–∂–¥—É 31000 –∏ 70000 –µ–≤—Ä–æ.–ì—ä–≤–∫–∞–≤–∞ —Å—Ö–µ–º–∞ –Ω–∞ –ø–ª–∞—â–∞–Ω–µ !!!–ó–∞–ø–æ–≤—è–¥–∞–π—Ç–µ –Ω–∞ –æ–≥–ª–µ–¥ –≤ —É–¥–æ–±–Ω–æ –∑–∞ –≤–∞—Å –≤—Ä–µ–º–µ!
–ü—Ä–æ–¥–∞–≤–∞ 3-–°–¢–ê–ï–ù                –≥—Ä–∞–¥ –°–æ—Ñ–∏—è, –ú–∞–Ω–∞—Å—Ç–∏—Ä—Å–∫–∏ –ª–∏–≤–∞–¥–∏
                
                –û–±—è–≤–∞: 1c174791034347144,
                224 816 EUR439 701.88 –ª–≤.
                (2 498 EUR, 4 885.66 –ª–≤./m2)
              ,–≥—Ä–∞–¥ –°–æ—Ñ–∏—è, –ú–∞–Ω–∞—Å—Ç–∏—Ä—Å–∫–∏ –ª–∏–≤–∞–¥–∏,–ö–æ—Ä–∏–≥–∏—Ä–∞–Ω–∞ –≤ 14:23 –Ω–∞ 7 –∞–≤–≥—É—Å—Ç, 2025 –≥–æ–¥.,https://www.imot.bg/obiava-1c174791034347144-prodava-tristaen-apartament-grad-sofiya-manastirski-livadi,//imotstatic4.focus.bg/imot/photosimotbg/1/144//big/1c174791034347144_li.jpg,–ò–º–∞–º–µ —É–¥–æ–≤–æ–ª—Å—Ç–≤–∏–µ—Ç–æ –¥–∞ –≤–∏ –ø—Ä–µ–¥—Å—Ç–∞–≤–∏–º —Ç—Ä–∏—Å—Ç–∞–µ–Ω –∞–ø–∞—Ä—Ç–∞–º–µ–Ω—Ç –≤ —Å–≥—Ä–∞–¥–∞, –∫–æ—è—Ç–æ —Å–µ –Ω–∞–º–∏—Ä–∞ –≤ –Ω–∞–π   –±—ä—Ä–∑–æ—Ä–∞–∑–≤–∏–≤–∞—â–∏—è —Å–µ –∫–≤–∞—Ä—Ç–∞–ª –Ω–∞ –≥—Ä. –°–æ—Ñ–∏—è   –ú–∞–Ω–∞—Å—Ç–∏—Ä—Å–∫–∏ –ª–∏–≤–∞–¥–∏. –í –±–ª–∏–∑–æ—Å—Ç –¥–æ –Ω–µ—è —Å–µ –Ω–∞–º–∏—Ä–∞ –¶–µ–Ω—Ç—ä—Ä—ä—Ç –Ω–∞ –≥—Ä–∞–¥–∞, –±—ä—Ä–∑–∞—Ç–∞ –ø—ä—Ç–Ω–∞ –∞—Ä—Ç–µ—Ä–∏—è   –±—É–ª. –ë—ä–ª–≥–∞—Ä–∏—è, –µ–¥–∏–Ω –æ—Ç –Ω–∞–π   –≥–æ–ª–µ–º–∏—Ç–µ –ø–∞—Ä–∫–æ–≤–µ   –Æ–∂–µ–Ω –ø–∞—Ä–∫, Bulgaria Mall –∏ Paradise Center. –ö–≤–∞—Ä—Ç–∞–ª—ä—Ç –µ —Ç–∏—Ö –∏ —Å–ø–æ–∫–æ–µ–Ω, –ø—Ä–∏—Ç–µ–∂–∞–≤–∞—â —Å–æ–±—Å—Ç–≤–µ–Ω —Å–ø–µ—Ü–∏—Ñ–∏—á–µ–Ω –º–∏–∫—Ä–æ–∫–ª–∏–º–∞—Ç, —á–∏—Å—Ç –≤—ä–∑–¥—É—Ö –∏ –ø—Ä–µ–∫—Ä–∞—Å–Ω–∞ –≥–ª–µ–¥–∫–∞ –∫—ä–º –ø–ª–∞–Ω–∏–Ω–∞ –í–∏—Ç–æ—à–∞. –í —Å—ä—Å–µ–¥—Å—Ç–≤–æ —Å–µ –Ω–∞–º–∏—Ä–∞—Ç –∫—Ä–∞—Å–∏–≤–∏ –∏ –Ω–æ–≤–∏ –∂–∏–ª–∏—â–Ω–∏ —Å–≥—Ä–∞–¥–∏.–°–≥—Ä–∞–¥–∞—Ç–∞ –µ —Å –æ—Ç–ª–∏—á–∏—Ç–µ–ª–Ω–∞ –∞—Ä—Ö–∏—Ç–µ–∫—Ç—É—Ä–∞, –≤—ä–ø–ª—ä—â–∞–≤–∞—â–∞ –º–Ω–æ–≥–æ–ø–ª–∞—Å—Ç–æ–≤–∏—è —Ö–∞—Ä–∞–∫—Ç–µ—Ä –Ω–∞ –∂–∏–≤–æ—Ç–∞ –≤ –∑–∞—Ç–≤–æ—Ä–µ–Ω —Ç–∏–ø –∫–æ–º–ø–ª–µ–∫—Å. –§–∞—Å–∞–¥–∞—Ç–∞, –∏–∑–≥—Ä–∞–¥–µ–Ω–∞ –æ—Ç –¥—ä—Ä–≤–µ–Ω–∏ –∏ –∫–∞–º–µ–Ω–Ω–∏ –ø–∞–Ω–µ–ª–∏, –¥–∞–≤–∞ –∞—Ç–º–æ—Å—Ñ–µ—Ä–∞ –Ω–∞ —É—é—Ç, –∫–æ—è—Ç–æ –ø—Ä–µ–ª–∏–≤–∞ –∏ –≤—ä—Ç—Ä–µ –≤ —Å–≥—Ä–∞–¥–∞—Ç–∞ —Å –∫–∞–º—ä–∫ —Ç—Ä–∞–≤–µ—Ä—Ç–∏–Ω –∏ –∏–Ω—Ç–µ—Ä–∏–æ—Ä–Ω–∏ –º–∞–∑–∏–ª–∫–∏.–°—ä–≤—Ä–µ–º–µ–Ω–Ω–∏—è—Ç –¥–∏–∑–∞–π–Ω —Å—ä—Å —Å—Ç—ä–∫–ª–µ–Ω–∏—Ç–µ –ø–∞–Ω–µ–ª–∏ –∏ –ø–∞–Ω–æ—Ä–∞–º–Ω–∏ –ø—Ä–æ–∑–æ—Ä—Ü–∏ –≥–∞—Ä–∞–Ω—Ç–∏—Ä–∞, —á–µ –≤—Å–∏—á–∫–∏ –∞–ø–∞—Ä—Ç–∞–º–µ–Ω—Ç–∏ –ø—Ä–∏—Ç–µ–∂–∞–≤–∞—Ç –¥–æ—Å—Ç—ä–ø –Ω–∞ –µ—Å—Ç–µ—Å—Ç–≤–µ–Ω–∞ —Å–≤–µ—Ç–ª–∏–Ω–∞ –∏ —É—Å–µ—â–∞–Ω–µ –∑–∞ –ø—Ä–æ—Å—Ç–æ—Ä, –≤–∏—Å–æ–∫–æ –Ω–∏–≤–æ –Ω–∞ –∑–≤—É–∫–æ–∏–∑–æ–ª–∞—Ü–∏—è, –µ–Ω–µ—Ä–≥–∏–π–Ω–∞ –µ—Ñ–µ–∫—Ç–∏–≤–Ω–æ—Å—Ç.–°–≥—Ä–∞–¥–∞—Ç–∞ —â–µ –±—ä–¥–µ —Å –æ–≥—Ä–∞–Ω–∏—á–µ–Ω –¥–æ—Å—Ç—ä–ø –∏ –¥–≤–æ—Ä, —Å—ä—á–µ—Ç–∞–≤–∞—â –≤–æ–¥–Ω–∏ –µ—Ñ–µ–∫—Ç–∏, –ø—Ä–∏–∫–∞–∑–Ω–∞ –≤–∏—Å–æ–∫–∞ –∏ –Ω–∏—Å–∫–∞ —Ä–∞—Å—Ç–∏—Ç–µ–ª–Ω–æ—Å—Ç, –∞–ª–µ–∏ –∏ –º–µ—Å—Ç–∞ –∑–∞ –æ—Ç–¥–∏—Ö.–°—Ç–∞—Ä—Ç–∏—Ä–∞–Ω–µ –Ω–∞ —Å—Ç—Ä–æ–∏—Ç–µ–ª–Ω–∏—Ç–µ –¥–µ–π–Ω–æ—Å—Ç–∏ –ø—Ä–µ–∑ –∞–≤–≥—É—Å—Ç 2024–≥. –∏ —Å—Ä–æ–∫ –∑–∞ –∑–∞–≤—ä—Ä—à–≤–∞–Ω–µ 24 –º–µ—Å–µ—Ü–∞.–ê–ø–∞—Ä—Ç–∞–º–µ–Ω—Ç—ä—Ç –µ —Å —á–∏—Å—Ç–∞ –ø–ª–æ—â –æ—Ç 78 –∫–≤.–º. –∏ –µ —Å —Ñ—É–Ω–∫—Ü–∏–æ–Ω–∞–ª–Ω–æ —Ä–∞–∑–ø—Ä–µ–¥–µ–ª–µ–Ω–∏–µ:  –∞–Ω—Ç—Ä–µ, –¥–Ω–µ–≤–Ω–∞ —Å –∫—É—Ö–Ω–µ–Ω—Å–∫–∏ –±–æ–∫—Å, –¥–≤–µ —Å–ø–∞–ª–Ω–∏, –±–∞–Ω—è, —Å–∫–ª–∞–¥ –∏ –±–∞–ª–∫–æ–Ω.–ò–º–∞ –≤—ä–∑–º–æ–∂–Ω–æ—Å—Ç –∑–∞ –∑–∞–∫—É–ø—É–≤–∞–Ω–µ –Ω–∞ –≥–∞—Ä–∞–∂–∏, —Å–∫–ª–∞–¥–æ–≤–µ, –ø–∞—Ä–∫–æ–º–µ—Å—Ç–∞.–ù–∞–ª–∏—á–Ω–∏ —Å–∞ –≥—ä–≤–∫–∞–≤–∏ —Å—Ö–µ–º–∏ –Ω–∞ –ø–ª–∞—â–∞–Ω–µ:80%/ 20%30%/30%/30%/10%20%/ 80%–ö–æ–¥ –Ω–∞ –æ—Ñ–µ—Ä—Ç–∞ 6127–ó–∞ –ø–æ–≤–µ—á–µ –∏–Ω—Ñ–æ—Ä–º–∞—Ü–∏—è: +359 877 214 549 –í–∏–∂ –ø–æ-–º–∞–ª–∫–æ... –í–∏–∂ –ø–æ–≤–µ—á–µ
–ü—Ä–æ–¥–∞–≤–∞ 3-–°–¢–ê–ï–ù                –≥—Ä–∞–¥ –°–æ—Ñ–∏—è, –ú–∞–Ω–∞—Å—Ç–∏—Ä—Å–∫–∏ –ª–∏–≤–∞–¥–∏
                
                –û–±—è–≤–∞: 1c173875258385474,
                342 000 EUR668 893.86 –ª–≤.
                (3 000 EUR, 5 867.49 –ª–≤./m2)
              ,–≥—Ä–∞–¥ –°–æ—Ñ–∏—è, –ú–∞–Ω–∞—Å—Ç–∏—Ä—Å–∫–∏ –ª–∏–≤–∞–¥–∏,–ö–æ—Ä–∏–≥–∏—Ä–∞–Ω–∞ –≤ 11:19 –Ω–∞ 7 –∞–≤–≥—É—Å—Ç, 2025 –≥–æ–¥.,https://www.imot.bg/obiava-1c173875258385474-prodava-tristaen-apartament-grad-sofiya-manastirski-livadi,//cdn3.focus.bg/imot/photosimotbg/1/474//big/1c173875258385474_aY.jpg,Via Home –ø—Ä–µ–¥–ª–∞–≥–∞ –∑–∞ –ø—Ä–æ–¥–∞–∂–±–∞ —Ç—Ä–∏—Å—Ç–∞–µ–Ω –∞–ø–∞—Ä—Ç–∞–º–µ–Ω—Ç –≤ –Ω–æ–≤–∏—è—Ç, –∑–∞—Ç–≤–æ—Ä–µ–Ω –∫–æ–º–ø–ª–µ–∫—Å –ò–∑–æ–ª–¥–∞ –≤ –∫–≤. –ú–∞–Ω–∞—Å—Ç–∏—Ä—Å–∫–∏ –ª–∏–≤–∞–¥–∏-–∏–∑—Ç–æ–∫ –Ω–∞ –µ—Ç–∞–ø –ø—Ä–µ–¥ –ê–ö–¢ 16. –ö–æ–º–ø–ª–µ–∫—Å –ò–∑–æ–ª–¥–∞ –µ —Ä–∞–∑–ø–æ–ª–æ–∂–µ–Ω –≤ –µ–¥–∏–Ω –æ—Ç –Ω–∞–π-–¥–æ–±—Ä–µ —Ä–∞–∑–≤–∏—Ç–∏—Ç–µ —Ä–∞–π–æ–Ω–∏ –≤ –°–æ—Ñ–∏—è –∫–≤–∞—Ä—Ç–∞–ª –ú–∞–Ω–∞—Å—Ç–∏—Ä—Å–∫–∏ –ª–∏–≤–∞–¥–∏-–∏–∑—Ç–æ–∫, –≤ –ø–æ–¥–Ω–æ–∂–∏–µ—Ç–æ –Ω–∞ –ø–ª–∞–Ω–∏–Ω–∞—Ç–∞ –í–∏—Ç–æ—à–∞ –∏ –ø—Ä–µ–¥–ª–∞–≥–∞ –Ω–∞ —Å–≤–æ–∏—Ç–µ –ø–æ–ª–∑–≤–∞—Ç–µ–ª–∏ –≤—Å–∏—á–∫–∏ —É–¥–æ–±—Å—Ç–≤–∞ –Ω–∞ –≥–æ–ª–µ–º–∏—è –∏ –º–æ–¥–µ—Ä–µ–Ω –≥—Ä–∞–¥. –ê–ø–∞—Ä—Ç–∞–º–µ–Ω—Ç –ê21 –µ —Ä–∞–∑–ø–æ–ª–æ–∂–µ–Ω –Ω–∞ –µ—Ç.2 –æ—Ç 6, —Å –æ–±—â–∞ –ø–ª–æ—â –æ—Ç 113.52 –∫–≤.–º., —á–∏—Å—Ç–∏ –æ—Ç –∫–æ–∏—Ç–æ 99.43 –∏ —é–≥–æ–∏–∑—Ç–æ—á–Ω–æ –∏–∑–ª–æ–∂–µ–Ω–∏–µ.–ö–æ–º–ø–ª–µ–∫—Å—ä—Ç –µ –æ—Ç –≤–∏—Å–æ–∫ –∫–ª–∞—Å: –ª—É–∫—Å–æ–∑–Ω–æ –∏–∑–ø—ä–ª–Ω–µ–Ω–∏–µ –Ω–∞ –æ–±—â–∏—Ç–µ —á–∞—Å—Ç–∏, –≤–∏—Å–æ–∫–æ–∫–∞—á–µ—Å—Ç–≤–µ–Ω–∏ –∞—Å–∞–Ω—Å—å–æ—Ä–∏ KONE, –≤—ä—Ç—Ä–µ—à–Ω–æ –±–ª–æ–∫–æ–≤–æ –ø—Ä–æ—Å—Ç—Ä–∞–Ω—Å—Ç–≤–æ c –±–æ–≥–∞—Ç–æ –æ–∑–µ–ª–µ–Ω–µ–Ω–∞ –≥—Ä–∞–¥–∏–Ω–∞ –∏ –¥–µ—Ç—Å–∫–∞ –ø–ª–æ—â–∞–¥–∫–∞.–í —Å—ä—Å–µ–¥—Å—Ç–≤–æ —Å –∏–º–æ—Ç–∞ –ø—Ä–µ–¥—Å—Ç–æ–∏ –∏–∑–≥—Ä–∞–∂–¥–∞–Ω–µ –Ω–∞ –µ–¥–∏–Ω –æ—Ç –Ω–∞–π-–≥–æ–ª–µ–º–∏—Ç–µ –ø–∞—Ä–∫–æ–≤–µ –≤ –≥—Ä. –°–æ—Ñ–∏—è —Å –≤–µ–ª–æ–∞–ª–µ–∏, –¥–µ—Ç—Å–∫–∞ –≥—Ä–∞–¥–∏–Ω–∞ –∏ –∑–∞–≤–µ–¥–µ–Ω–∏—è.–ö—Ä–∞–µ–Ω —Å—Ä–æ–∫ –∑–∞ –≤—ä–≤–µ–∂–¥–∞–Ω–µ –≤ –µ–∫—Å–ø–ª–∞—Ç–∞—Ü–∏—è –µ –º–µ—Å–µ—Ü –∞–ø—Ä–∏–ª 2025–≥. –¶–µ–Ω–∏—Ç–µ —Å–∞ –∫—Ä–∞–π–Ω–∏ —Å –î–î–° –∏ –Ω–µ –ø–æ–¥–ª–µ–∂–∞—Ç –Ω–∞ –∏–Ω–¥–µ–∫—Å–∞—Ü–∏—è! –ü–æ–¥–∑–µ–º–Ω–∏ –ø–∞—Ä–∫–æ–º–µ—Å—Ç–∞ –∏ –≥–∞—Ä–∞–∂–∏ –Ω–∞ –æ—Ç–¥–µ–ª–Ω–∏ —Ü–µ–Ω–∏. –í—Å–∏—á–∫–∏ –∏–º–æ—Ç–∏ –Ω–∞ Via HOME –º–∏–Ω–∞–≤–∞—Ç –ø—Ä–µ–∑ —é—Ä–∏–¥–∏—á–µ—Å–∫–æ —Å—Ç–∞–Ω–æ–≤–∏—â–µ, –∫–∞—Ç–æ –ø—Ä–µ–¥–ª–∞–≥–∞–º–µ –∏ –∫—Ä–µ–¥–∏—Ç–Ω–æ –∫–æ–Ω—Å—É–ª—Ç–∏—Ä–∞–Ω–µ –æ—Ç –Ω–∞–π-–¥–æ–±—Ä–∏—Ç–µ –∫—Ä–µ–¥–∏—Ç–Ω–∏ –∫–æ–Ω—Å—É–ª—Ç–∞–Ω—Ç–∏ –≤ –ë—ä–ª–≥–∞—Ä–∏—è. –í–∏–∂ –ø–æ-–º–∞–ª–∫–æ... –í–∏–∂ –ø–æ–≤–µ—á–µ
